,G0032,G0069,G0045,G0086,G0125,G0085,G0019,G0087,G0016,G0005,G0007,G0122,G0012,G0004,G0050,G0129,G0022,G0079,G0126,G0010,G0046,G1004,G0114,G0078,G0060,G0003,G0096,G0065,G0064,G0118,G0128,G0056,G0082,G0067,G0102,G1007,G0033,G0120,G0092,G0089,G0107,G0135,G0140,G0006,G0035,G0091,G0100,G0024,G0051,G0103,G0059,G0094,G0034,G0040,G0020,G0081,G0134,G0021,G1001,G1006,G0043,G0106,G0028,G0037,G0011,G0093,G0061,G0049,G0121,G0008,G0027,G0080,G0077,G1002,G0117,G0052,G0112,G0038,G0070,G0044,G0068,G0071,G0001,G1003,G0048,G0139,G0108,G0039,G0073,G0047,G0054,G0062,G0119,G1011,G0095,G0053,G0066,G1005,G1009,G0142,G0098,G0090,G0099,G0088,G0143,G0013,G0026,G0029,G0041,G0127,G1008,G0009,G0076,G0130,G0136,G0131,G0138,G0018,G0083,G0015,G0084,G0115,G0123,G0105,G0075,G0023,G0124,G0133,G0025,G0137,G0002,G0063,G0036
G0032,100,37,36,10,13,12,17,32,35,8,34,8,25,26,43,31,38,10,30,36,29,13,29,19,29,5,38,32,22,29,24,14,29,25,31,12,10,11,22,11,10,15,17,22,35,24,22,6,16,6,39,43,43,31,2,31,16,16,29,32,10,24,3,30,2,25,23,31,21,9,37,23,11,16,21,8,18,18,15,8,13,3,18,15,11,26,17,5,22,34,10,7,15,14,12,8,10,7,14,19,15,14,13,17,11,6,12,1,2,13,18,11,3,9,10,12,16,16,1,0,8,7,1,7,10,1,8,10,2,11,1,1,2
G0069,37,100,44,16,21,14,28,40,41,15,34,5,31,30,40,51,44,12,37,31,30,12,30,23,49,4,37,37,31,36,35,13,28,34,37,18,21,23,32,19,20,23,27,28,36,29,38,8,22,11,44,38,39,46,0,35,18,28,30,46,14,31,2,34,2,39,30,38,39,14,43,35,16,27,28,10,31,29,24,11,18,3,19,24,19,31,26,4,30,39,17,13,20,17,19,9,15,8,19,28,22,23,20,20,24,10,18,2,2,23,23,14,6,16,17,23,22,27,2,0,16,19,4,5,18,0,12,15,2,19,2,2,1
G0045,36,44,100,21,21,21,32,47,39,14,34,6,28,39,39,40,43,14,31,36,32,16,40,26,37,4,47,35,21,45,22,17,29,25,40,18,23,18,37,16,23,32,24,39,37,45,26,6,26,13,40,34,36,39,0,35,20,28,27,44,17,30,7,43,5,49,36,38,29,10,54,28,20,24,38,14,24,22,23,15,26,6,29,21,13,25,31,12,23,37,24,12,26,12,21,19,15,12,23,24,31,25,23,29,21,12,20,2,2,22,25,20,4,19,19,26,24,27,1,0,16,18,4,6,20,0,13,17,2,21,2,2,4
G0086,10,16,21,100,17,43,23,23,14,28,14,4,21,18,17,15,26,26,16,15,18,10,12,22,15,5,17,20,34,17,18,22,15,18,19,21,23,27,27,25,24,13,21,23,15,25,22,8,25,34,16,21,18,18,0,15,20,30,20,14,24,15,18,23,6,14,26,25,17,8,20,18,29,18,22,3,23,18,25,11,34,17,33,21,25,13,16,17,17,13,29,31,21,20,24,8,28,5,16,21,26,23,24,22,16,34,23,0,0,23,18,21,4,50,26,32,23,23,5,0,29,22,0,8,27,0,15,28,0,27,5,5,13
G0125,13,21,21,17,100,21,14,20,21,11,20,15,10,20,17,18,20,12,10,14,19,15,18,13,16,4,17,28,23,22,20,16,13,10,11,13,19,14,19,14,20,23,24,22,22,17,14,6,17,13,26,23,22,13,0,16,17,18,17,21,14,12,9,16,4,29,19,15,14,10,18,12,21,20,23,12,14,13,18,14,20,8,25,18,10,12,21,13,19,11,24,14,22,17,19,7,16,12,21,25,16,21,16,26,22,13,21,0,0,31,17,19,4,16,20,20,20,12,5,0,18,18,14,3,24,0,9,17,4,19,3,3,3
G0085,12,14,21,43,21,100,27,21,13,34,16,10,25,18,15,18,23,43,29,16,19,12,11,32,15,0,17,20,21,15,18,25,18,19,16,24,21,27,23,30,23,14,27,22,17,25,28,10,24,43,19,15,15,15,6,22,32,30,17,16,28,14,15,17,8,16,22,17,22,9,15,18,22,22,15,19,30,18,33,12,33,14,26,26,30,11,15,14,27,15,28,42,20,24,30,16,34,12,13,28,24,31,31,16,14,43,30,0,16,31,23,26,7,50,32,38,27,29,8,0,38,28,0,4,38,0,28,46,0,32,6,6,6
G0019,17,28,32,23,14,27,99,27,18,24,13,3,32,19,27,33,25,23,34,19,27,4,22,25,29,0,25,19,26,19,28,34,19,27,32,24,20,28,18,33,32,24,33,22,21,31,25,12,31,28,21,17,16,29,0,33,27,33,23,30,16,31,9,31,5,29,32,27,37,11,26,27,18,28,21,3,48,26,28,9,26,8,18,23,34,20,26,14,32,25,20,27,31,18,38,11,29,4,18,30,39,30,39,23,23,28,32,5,0,30,41,20,3,28,28,24,21,32,4,0,25,24,3,7,35,0,15,36,0,35,4,4,4
G0087,32,40,47,23,20,21,27,100,40,13,34,6,29,40,40,32,49,13,30,37,32,13,37,22,37,4,53,39,31,37,31,19,36,30,42,17,16,17,24,15,19,25,24,29,47,43,31,6,30,12,41,42,37,43,0,32,14,30,31,32,19,30,7,47,4,46,36,40,26,10,45,25,25,19,48,11,26,29,25,11,22,6,28,20,15,28,27,12,23,32,23,12,25,11,17,18,14,9,22,22,23,22,22,31,18,11,23,2,2,17,16,20,4,21,15,25,20,20,2,0,15,18,7,10,17,0,12,16,0,18,2,2,4
G0016,35,41,39,14,21,13,18,40,100,11,45,8,22,33,34,31,41,8,24,38,28,25,33,16,33,4,38,35,29,65,22,13,21,22,32,14,12,14,27,11,13,16,18,27,45,26,28,5,17,7,43,46,44,31,0,21,15,21,25,34,9,22,4,42,2,34,32,33,20,9,40,25,17,22,33,8,17,18,16,9,16,4,25,18,9,30,19,5,15,26,11,9,23,12,12,13,10,8,20,17,15,15,13,23,15,7,16,1,2,15,14,16,4,11,13,18,15,18,1,0,9,14,5,4,12,1,8,10,1,12,1,1,2
G0005,8,15,14,28,11,34,24,13,11,100,10,0,23,7,11,19,13,40,21,11,16,3,5,24,19,0,15,18,22,8,23,23,12,24,11,32,18,29,20,48,26,13,37,16,11,15,30,12,14,59,12,9,11,19,0,16,45,28,15,12,19,11,6,15,0,8,20,10,23,11,11,19,13,37,10,5,26,13,30,10,26,16,25,47,49,11,11,5,22,16,17,71,16,46,35,4,56,7,15,31,37,33,35,12,15,61,18,0,0,42,25,16,6,41,40,30,34,34,9,0,46,31,0,4,42,0,15,43,0,41,8,8,8
G0007,34,34,34,14,20,16,13,34,45,10,100,10,23,26,32,30,29,12,22,31,28,17,26,16,30,2,31,37,25,30,22,12,19,21,21,14,10,10,18,11,13,16,18,23,40,23,26,3,14,7,39,39,33,26,4,26,16,16,20,28,12,20,4,32,2,24,27,30,23,8,35,23,12,19,27,8,16,11,19,9,17,4,23,15,11,25,17,4,17,32,14,9,13,12,12,13,12,10,11,21,15,15,12,21,13,7,14,1,2,14,12,14,4,11,13,19,17,13,1,0,11,14,5,5,10,0,9,12,1,12,1,1,2
G0122,8,5,6,4,15,10,3,6,8,0,10,100,0,6,11,7,4,5,0,7,4,16,9,3,2,15,5,9,9,5,6,4,4,0,4,4,0,0,12,0,5,3,14,13,13,5,3,0,9,0,12,14,13,2,0,2,9,0,17,6,0,0,7,6,20,8,2,3,3,11,5,2,13,12,7,6,0,0,0,6,0,0,7,4,0,4,3,7,3,4,0,0,3,26,0,17,0,21,4,3,4,4,5,11,4,0,5,0,0,4,8,0,7,0,11,0,4,0,0,0,0,0,0,11,0,0,0,0,20,12,0,0,0
G0012,25,31,28,21,10,25,32,29,22,23,23,0,100,24,23,40,26,18,48,28,29,2,17,31,44,0,25,27,24,20,38,31,29,34,27,33,24,27,24,41,23,19,29,24,23,29,41,10,26,22,26,23,20,37,0,43,32,42,24,27,27,27,3,24,0,20,26,29,46,5,26,32,16,29,14,7,51,27,37,21,36,6,24,29,25,26,14,7,33,28,26,26,19,18,29,5,35,0,21,30,25,31,28,16,20,20,27,4,0,26,31,16,3,31,22,28,35,39,3,0,21,20,3,3,23,0,22,29,0,25,4,4,3
G0004,26,30,39,18,20,18,19,40,33,7,26,6,24,100,32,25,39,10,23,35,25,16,44,19,30,7,35,23,19,40,22,21,26,21,39,19,29,9,21,9,19,22,18,41,35,27,22,7,28,8,35,33,31,29,0,32,11,19,28,35,16,26,8,33,5,40,21,35,28,11,40,19,19,13,30,7,25,24,20,11,19,7,21,12,9,30,25,7,24,27,24,8,20,6,11,15,10,4,26,19,18,18,16,23,21,7,23,2,0,13,16,17,5,14,12,17,21,30,2,0,11,15,5,6,11,0,12,13,0,14,2,2,4
G0050,43,40,39,17,17,15,27,40,34,11,32,11,23,32,100,39,43,12,26,32,27,10,39,22,32,5,43,34,29,29,28,16,32,27,46,16,16,13,26,13,18,20,24,31,41,37,22,6,24,9,51,42,39,34,1,35,20,18,30,37,14,33,7,34,3,36,33,40,26,11,48,29,18,22,29,8,24,21,19,8,24,4,19,19,15,30,25,6,28,33,17,10,17,18,17,8,14,6,15,22,19,18,18,25,15,8,17,1,1,16,20,18,5,13,13,23,19,21,1,0,11,9,3,9,14,0,7,14,3,15,1,1,3
G0129,31,51,40,15,18,18,33,32,31,19,30,7,40,25,39,100,41,16,40,26,34,5,28,23,39,5,36,37,30,30,31,16,27,30,30,24,23,24,22,25,23,23,36,36,32,28,38,7,23,15,41,36,28,41,2,47,30,30,32,39,17,30,2,34,0,33,42,32,46,12,35,35,12,32,24,10,37,27,27,15,23,5,24,24,25,33,26,5,28,38,22,18,23,26,24,10,20,5,12,37,22,23,23,27,25,14,25,2,2,23,32,24,5,18,19,24,25,32,2,0,18,18,2,4,24,0,12,24,5,21,2,2,2
G0022,38,44,43,26,20,23,25,49,41,13,29,4,26,39,43,41,100,14,34,34,27,17,34,22,32,2,47,32,36,41,25,16,32,28,35,15,20,20,26,18,17,20,18,28,42,32,35,6,28,12,42,38,38,36,2,33,17,28,33,36,19,28,7,37,2,39,33,39,32,8,43,27,22,19,37,11,24,28,25,10,22,6,25,18,15,27,25,7,29,29,18,15,23,12,18,15,17,4,15,27,18,16,17,26,19,12,23,0,4,16,19,23,2,21,13,28,24,30,1,0,15,13,2,6,19,0,13,17,0,12,2,2,4
G0079,10,12,14,26,12,43,23,13,8,40,12,5,18,10,12,16,14,100,21,12,13,6,7,38,16,7,11,12,22,6,19,21,16,16,14,30,18,29,21,34,35,17,36,21,18,19,30,11,21,51,15,11,10,16,7,19,35,28,15,15,17,12,8,15,9,11,16,11,19,10,12,19,20,28,7,22,26,14,29,9,24,14,19,37,34,9,16,7,34,16,18,50,17,26,34,11,39,6,20,31,34,42,45,17,21,53,18,0,8,32,25,24,17,38,48,24,32,27,8,0,44,30,0,11,41,0,16,54,0,49,7,7,7
G0126,30,37,31,16,10,29,34,30,24,21,22,0,48,23,26,40,34,21,100,24,23,4,23,37,38,0,25,26,26,21,39,21,24,36,27,25,22,25,23,33,25,21,27,23,24,33,39,10,28,20,25,22,21,31,3,44,30,38,20,31,21,32,3,23,0,27,25,26,42,5,25,34,11,31,17,10,37,35,30,13,24,6,19,22,24,22,22,3,36,34,19,24,17,17,28,8,26,3,15,36,32,29,29,18,18,19,29,3,7,25,32,20,3,23,19,29,27,36,3,0,20,19,2,2,26,0,15,30,0,24,3,3,2
G0010,36,31,36,15,14,16,19,37,38,11,31,7,28,35,32,26,34,12,24,100,29,17,35,29,35,3,31,33,25,35,31,18,29,30,32,17,17,13,37,16,14,17,21,31,35,30,31,9,21,10,32,38,33,36,1,26,17,24,33,34,10,23,6,37,4,27,34,31,22,9,39,23,19,17,31,10,24,18,22,13,19,5,27,22,15,28,18,6,23,30,11,10,17,12,13,11,14,12,22,19,16,16,14,16,18,10,15,0,2,12,19,15,4,15,16,18,23,25,2,0,13,11,1,5,12,2,16,12,2,15,2,2,3
G0046,29,30,32,18,19,19,27,32,28,16,28,4,29,25,27,34,27,13,23,29,100,7,17,21,26,2,35,37,25,31,28,30,24,30,33,23,16,18,31,16,17,15,33,24,26,41,28,7,24,15,32,30,24,33,0,24,20,33,23,31,17,27,8,29,2,25,30,29,27,15,26,30,9,26,26,8,30,21,34,17,20,8,27,25,18,23,26,8,22,34,14,15,21,17,25,4,17,11,18,32,19,27,27,27,10,14,24,3,0,24,20,24,2,19,19,18,22,21,3,0,18,18,2,7,25,0,11,20,2,22,3,3,5
G1004,13,12,16,10,15,12,4,13,25,3,17,16,2,16,10,5,17,6,4,17,7,100,15,4,9,6,11,12,13,18,8,5,7,5,10,5,5,5,15,2,12,2,8,15,20,10,14,0,5,3,16,20,25,7,0,3,5,5,14,10,0,0,3,17,7,16,8,11,2,6,15,5,13,10,15,6,2,5,5,3,7,0,11,5,2,8,6,6,4,6,2,3,9,14,2,12,3,17,5,4,5,5,5,12,5,3,5,0,3,5,2,0,3,6,9,13,7,7,0,0,3,8,0,2,2,0,6,3,3,9,0,0,0
G0114,29,30,40,12,18,11,22,37,33,5,26,9,17,44,39,28,34,7,23,35,17,15,100,13,31,3,33,25,17,35,19,10,27,17,38,15,22,11,17,11,16,21,12,35,35,26,15,3,26,6,29,30,28,26,0,28,9,13,29,30,12,21,6,37,4,41,27,41,24,7,37,19,19,12,35,5,19,25,11,8,13,5,12,9,7,23,22,8,15,25,20,6,22,6,11,18,8,5,15,17,18,12,14,24,20,5,20,2,2,12,15,15,4,9,9,15,14,23,2,0,8,9,1,9,10,0,7,10,0,11,2,2,3
G0078,19,23,26,22,13,32,25,22,16,24,16,3,31,19,22,23,22,38,37,29,21,4,13,100,29,4,20,25,28,14,26,23,29,31,28,28,24,26,46,27,29,28,37,24,23,39,32,26,31,29,28,22,16,29,4,33,29,45,19,26,30,30,5,22,5,16,28,17,28,12,26,31,22,25,12,14,37,19,39,19,35,8,17,44,28,20,19,4,45,30,19,29,20,18,27,8,31,4,24,30,33,41,36,20,25,29,27,0,5,28,27,24,10,35,36,25,36,30,4,0,27,25,5,8,32,0,14,40,0,35,4,4,4
G0060,29,49,37,15,16,15,29,37,33,19,30,2,44,30,32,39,32,16,38,35,26,9,31,29,100,5,29,26,33,28,28,19,28,35,32,23,26,24,25,29,26,20,28,34,36,34,39,10,23,15,37,30,28,47,0,34,23,28,23,37,20,34,2,39,2,30,35,28,33,12,39,34,20,28,28,7,32,22,34,10,26,4,23,27,25,25,20,5,30,34,24,17,26,16,24,9,23,5,17,25,24,26,26,21,35,14,23,2,0,23,22,14,5,18,18,23,31,31,2,0,18,18,2,4,20,0,18,20,0,21,2,2,2
G0003,5,4,4,5,4,0,0,4,4,0,2,15,0,7,5,5,2,7,0,3,2,6,3,4,5,100,3,5,7,4,0,6,2,0,7,13,6,0,3,0,14,4,5,11,3,6,3,0,5,0,6,7,6,5,0,0,0,0,6,5,0,0,0,5,16,6,3,2,0,7,3,3,10,4,5,9,0,0,0,0,5,0,4,5,0,2,8,11,4,0,6,0,4,5,0,7,0,9,12,0,5,6,6,9,11,0,0,0,0,0,0,0,12,0,7,4,5,0,0,0,0,0,0,7,0,0,0,0,16,7,0,0,0
G0096,38,37,47,17,17,17,25,53,38,15,31,5,25,35,43,36,47,11,25,31,35,11,33,20,29,3,100,35,26,35,20,17,37,27,40,16,15,14,26,14,17,23,21,27,39,38,28,7,25,10,40,36,35,41,3,34,16,22,24,36,13,32,5,35,3,40,32,35,26,12,46,32,18,20,31,11,24,20,21,11,20,5,25,23,14,30,37,9,26,30,19,11,20,11,16,13,13,7,17,20,24,17,17,23,17,9,21,1,1,18,18,16,3,14,12,23,21,21,1,0,12,17,3,11,16,0,10,13,0,14,1,1,3
G0065,32,37,35,20,28,20,19,39,35,18,37,9,27,23,34,37,32,12,26,33,37,12,25,25,26,5,35,100,25,31,29,21,18,28,30,15,15,14,31,17,16,19,26,25,28,33,28,10,20,14,34,41,31,36,0,24,22,31,29,31,13,20,8,30,2,34,36,27,28,9,35,30,16,20,29,13,26,16,27,15,25,6,34,26,20,22,22,10,23,29,16,17,19,24,20,12,22,13,17,32,18,21,16,29,14,13,21,0,2,21,15,25,2,17,21,25,23,19,1,0,20,17,5,2,19,0,13,16,5,17,2,2,4
G0064,22,31,21,34,23,21,26,31,29,22,25,9,24,19,29,30,36,22,26,25,25,13,17,28,33,7,26,25,100,22,28,21,19,25,24,23,16,23,26,25,31,14,29,21,24,31,33,10,25,21,24,23,23,29,0,24,22,32,21,22,16,19,7,39,8,20,39,27,22,8,27,31,26,37,27,10,23,21,24,8,24,6,27,28,20,15,22,11,27,15,19,25,19,17,24,13,28,6,15,29,24,30,36,35,24,19,27,0,0,26,17,13,11,26,25,28,26,21,4,0,25,19,3,16,28,0,8,23,0,24,4,4,2
G0118,29,36,45,17,22,15,19,37,65,8,30,5,20,40,29,30,41,6,21,35,31,18,35,14,28,4,35,31,22,100,19,15,19,19,36,14,18,12,32,10,13,16,15,32,41,28,23,5,21,7,36,42,36,28,0,18,16,23,22,34,13,27,6,35,2,42,34,35,19,9,35,18,18,16,35,10,18,24,16,14,14,6,27,14,5,30,26,8,14,28,17,6,29,7,14,14,8,6,24,16,12,15,13,29,17,6,22,2,2,16,16,22,4,12,10,14,13,20,2,0,9,14,4,1,13,2,12,10,2,11,2,2,3
G0128,24,35,22,18,20,18,28,31,22,23,22,6,38,22,28,31,25,19,39,31,28,8,19,26,28,0,20,29,28,19,100,23,19,33,22,20,17,25,27,27,28,15,45,22,22,23,35,11,22,22,27,27,25,27,0,28,28,39,28,31,13,20,3,26,0,22,23,29,42,13,25,26,13,34,18,7,37,35,29,12,26,6,15,30,26,22,17,3,38,32,17,21,17,23,30,3,25,11,17,40,22,37,28,17,14,21,20,4,0,32,36,14,3,28,27,22,19,27,3,0,22,21,3,3,29,0,9,30,4,32,4,4,3
G0056,14,13,17,22,16,25,34,19,13,23,12,4,31,21,16,16,16,21,21,18,30,5,10,23,19,6,17,21,21,15,23,100,16,23,22,36,24,21,20,25,32,18,33,16,16,26,19,16,26,27,15,16,11,25,0,22,32,32,12,20,19,19,11,21,7,18,16,13,22,21,16,19,15,22,13,9,37,14,34,18,30,10,25,27,35,19,20,18,32,13,24,25,26,17,39,8,36,5,27,23,27,30,32,22,15,28,31,7,0,29,23,13,4,27,27,18,25,25,5,0,24,22,4,8,27,0,18,36,0,35,5,5,5
G0082,29,28,29,15,13,18,19,36,21,12,19,4,29,26,32,27,32,16,24,29,24,7,27,29,28,2,37,18,19,19,19,16,100,35,34,17,17,17,30,21,16,20,21,26,31,31,31,7,26,15,37,26,29,33,0,34,17,26,31,30,19,22,2,24,2,24,24,29,28,12,34,29,17,19,20,7,32,26,30,11,23,4,15,27,15,24,23,2,33,32,18,14,18,11,24,9,20,2,20,23,18,22,23,18,21,14,21,0,0,20,24,18,5,21,18,23,31,24,2,0,14,15,5,12,24,0,18,16,0,18,2,2,2
G0067,25,34,25,18,10,19,27,30,22,24,21,0,34,21,27,30,28,16,36,30,30,5,17,31,35,0,27,28,25,19,33,23,35,100,26,24,21,25,29,23,20,24,30,24,25,30,37,13,28,19,29,22,23,51,3,33,28,36,27,29,16,26,3,25,0,23,25,28,40,8,31,34,20,30,22,2,45,33,36,13,36,6,21,26,26,22,15,3,29,36,18,22,15,20,30,2,30,2,14,30,26,24,28,15,12,17,25,3,0,24,26,15,3,26,19,21,34,32,3,0,22,18,3,2,26,0,18,25,0,22,3,3,2
G0102,31,37,40,19,11,16,32,42,32,11,21,4,27,39,46,30,35,14,27,32,33,10,38,28,32,7,40,30,24,36,22,22,34,26,100,20,20,15,29,19,19,20,21,28,41,44,24,12,35,13,33,36,31,39,0,33,15,24,25,34,14,33,7,43,5,40,43,32,29,13,44,31,17,19,23,6,34,26,20,11,22,7,19,24,13,33,29,9,28,31,18,12,31,10,18,16,14,4,24,22,19,19,22,29,21,12,26,2,0,17,19,18,7,15,16,20,18,24,2,0,13,16,1,8,17,0,10,17,0,18,2,2,4
G1007,12,18,18,21,13,24,24,17,14,32,14,4,33,19,16,24,15,30,25,17,23,5,15,28,23,13,16,15,23,14,20,36,17,24,20,100,30,22,21,36,44,29,36,24,16,23,31,11,32,32,16,13,18,27,0,24,35,27,19,18,27,16,4,18,7,22,17,13,29,15,14,23,23,36,14,9,32,18,30,19,30,11,20,37,21,17,22,4,23,14,32,36,22,23,32,8,41,5,30,30,42,40,44,24,23,29,27,8,0,33,24,19,12,35,36,28,39,39,6,0,27,24,4,8,29,0,19,38,0,47,8,8,5
G0033,10,21,23,23,19,21,20,16,12,18,10,0,24,29,16,23,20,18,22,17,16,5,22,24,26,6,15,15,16,18,17,24,17,21,20,30,100,19,20,21,38,35,25,43,16,23,21,10,27,22,20,13,15,16,0,20,24,29,19,25,33,20,7,19,0,25,20,24,24,9,16,15,23,20,23,6,34,26,28,27,37,12,17,19,16,20,23,14,15,14,43,22,29,13,29,5,24,0,23,20,23,28,30,25,32,22,27,9,0,28,22,27,7,29,22,25,33,57,6,0,21,20,5,5,25,0,20,34,0,31,6,6,6
G0120,11,23,18,27,14,27,28,17,14,29,10,0,27,9,13,24,20,29,25,13,18,5,11,26,24,0,14,14,23,12,25,21,17,25,15,22,19,100,22,40,35,19,30,17,13,21,28,9,22,37,14,13,14,27,0,21,27,35,17,18,25,17,6,19,0,13,21,19,25,8,20,28,17,24,12,5,28,24,29,13,26,10,16,30,42,15,17,5,28,15,19,36,23,21,32,9,38,0,17,26,32,33,35,18,30,36,27,0,0,33,32,14,13,46,36,31,27,26,5,0,33,37,6,9,39,0,13,40,0,34,5,5,5
G0092,22,32,37,27,19,23,18,24,27,20,18,12,24,21,26,22,26,21,23,37,31,15,17,46,25,3,26,31,26,32,27,20,30,29,29,21,20,22,100,19,21,21,36,24,26,38,33,13,22,19,24,29,23,29,0,25,29,41,27,27,17,22,7,26,7,21,26,28,26,15,29,28,24,35,19,13,24,18,29,21,25,6,22,40,15,22,18,10,30,33,14,19,22,20,22,9,22,9,26,27,23,33,25,19,19,18,21,0,0,29,27,18,7,28,29,22,26,29,3,0,23,19,3,5,27,0,10,21,3,28,3,3,2
G0089,11,19,16,25,14,30,33,15,11,48,11,0,41,9,13,25,18,34,33,16,16,2,11,27,29,0,14,17,25,10,27,25,21,23,19,36,21,40,19,100,31,17,33,18,15,22,38,13,24,51,14,12,13,25,0,25,40,32,18,14,33,18,5,17,0,11,27,15,37,4,15,30,14,33,10,4,38,20,34,13,28,13,23,41,32,16,15,5,26,15,21,57,24,32,37,9,61,0,20,33,38,36,40,21,34,48,31,0,0,37,34,17,5,43,42,32,38,37,7,0,42,36,5,4,43,0,23,45,0,42,9,9,6
G0107,10,20,23,24,20,23,32,19,13,26,13,5,23,19,18,23,17,35,25,14,17,12,16,29,26,14,17,16,31,13,28,32,16,20,19,44,38,35,21,31,100,35,44,28,15,28,23,12,24,36,17,12,13,23,0,20,33,28,19,23,24,19,7,24,8,26,24,16,28,16,19,23,26,41,17,12,33,17,27,15,44,12,18,36,31,14,35,14,32,14,37,33,31,18,37,10,38,6,27,23,46,49,55,33,44,33,26,9,0,40,36,17,16,34,43,42,32,30,6,0,32,28,7,10,37,0,15,49,0,52,9,9,6
G0135,15,23,32,13,23,14,24,25,16,13,16,3,19,22,20,23,20,17,21,17,15,2,21,28,20,4,23,19,14,16,15,18,20,24,20,29,35,19,21,17,35,100,25,24,18,23,19,14,24,16,20,17,14,26,4,29,18,22,19,23,25,30,3,22,5,36,20,21,27,11,26,23,27,26,23,7,25,18,21,19,35,7,14,20,16,22,27,8,20,14,23,14,19,10,19,11,20,4,31,15,39,26,29,29,25,15,21,6,0,22,21,24,9,21,23,24,31,28,4,0,15,20,17,11,18,0,13,24,0,28,6,6,3
G0140,17,27,24,21,24,27,33,24,18,37,18,14,29,18,24,36,18,36,27,21,33,8,12,37,28,5,21,26,29,15,45,33,21,30,21,36,25,30,36,33,44,25,100,29,22,33,42,17,26,38,27,21,19,27,0,22,49,43,28,31,19,22,5,25,6,20,23,18,36,26,18,30,17,50,15,16,42,16,45,19,31,11,20,53,41,24,26,5,41,29,24,35,23,40,47,9,39,16,23,44,38,60,53,29,24,35,30,7,0,52,44,21,12,36,53,25,33,31,7,0,34,30,5,9,50,0,12,48,6,62,7,7,5
G0006,22,28,39,23,22,22,22,29,27,16,23,13,24,41,31,36,28,21,23,31,24,15,35,24,34,11,27,25,21,32,22,16,26,24,28,24,43,17,24,18,28,24,29,100,35,26,26,5,26,18,41,30,28,31,0,27,28,23,30,36,17,17,7,31,3,36,24,30,28,8,28,21,21,25,27,10,29,23,27,18,28,9,34,21,15,23,21,7,21,25,32,18,24,20,22,9,19,6,25,25,27,26,28,26,26,18,15,4,0,22,27,19,7,22,28,25,34,44,2,0,22,18,2,9,20,4,15,25,8,33,3,3,7
G0035,35,36,37,15,22,17,21,47,45,11,40,13,23,35,41,32,42,18,24,35,26,20,35,23,36,3,39,28,24,41,22,16,31,25,41,16,16,13,26,15,15,18,22,35,100,31,26,6,26,10,57,45,42,35,1,30,25,17,29,41,13,23,5,34,4,37,28,33,26,8,51,24,20,22,34,7,24,21,23,9,19,5,28,19,13,28,18,5,24,34,17,12,26,14,17,15,16,5,21,23,20,16,18,28,19,9,21,2,1,14,20,16,3,13,15,24,21,24,2,0,12,19,8,7,14,2,10,16,1,17,1,1,3
G0091,24,29,45,25,17,25,31,43,26,15,23,5,29,27,37,28,32,19,33,30,41,10,26,39,34,6,38,33,31,28,23,26,31,30,44,23,23,21,38,22,28,23,33,26,31,100,33,12,37,18,35,28,26,37,0,28,20,39,23,34,24,32,14,38,7,31,40,29,27,14,30,36,23,25,26,16,29,19,34,15,31,8,24,33,18,20,37,13,28,31,20,17,27,13,29,18,20,9,21,28,30,35,37,35,21,17,30,3,3,27,26,24,6,22,23,24,25,24,2,0,18,21,3,8,28,0,13,24,0,26,3,3,6
G0100,22,38,26,22,14,28,25,31,28,30,26,3,41,22,22,38,35,30,39,31,28,14,15,32,39,3,28,28,33,23,35,19,31,37,24,31,21,28,33,38,23,19,42,26,26,33,100,11,29,24,27,24,25,39,0,35,25,44,31,25,24,25,4,31,4,20,31,25,40,14,24,42,21,31,22,16,39,35,47,16,23,7,22,41,28,22,21,3,31,29,18,28,16,24,27,13,30,11,17,42,27,33,29,17,25,22,29,0,4,29,27,22,8,32,27,33,41,37,4,0,23,22,2,6,31,0,29,24,0,28,4,4,3
G0024,6,8,6,8,6,10,12,6,5,12,3,0,10,7,6,7,6,11,10,9,7,0,3,26,10,0,7,10,10,5,11,16,7,13,12,11,10,9,13,13,12,14,17,5,6,12,11,100,15,21,8,7,4,10,0,10,10,16,5,7,13,16,9,10,0,5,9,3,10,14,9,12,15,8,4,6,15,7,17,6,13,10,6,17,19,8,7,8,13,8,10,15,11,8,10,5,15,0,17,12,8,10,12,8,17,17,21,0,0,11,7,11,9,12,11,7,9,8,0,0,16,11,0,5,12,0,6,12,0,11,21,21,12
G0051,16,22,26,25,17,24,31,30,17,14,14,9,26,28,24,23,28,21,28,21,24,5,26,31,23,5,25,20,25,21,22,26,26,28,35,32,27,22,22,24,24,24,26,26,26,37,29,15,100,18,25,18,19,33,0,26,16,35,30,24,34,28,19,26,14,33,29,24,27,13,26,32,19,22,21,10,37,41,30,19,20,17,20,21,19,19,25,11,30,24,22,18,21,11,24,19,19,10,30,27,25,23,31,38,27,17,52,0,0,17,18,27,12,23,25,17,26,26,5,0,17,17,4,9,27,0,17,21,0,25,5,5,12
G0103,6,11,13,34,13,43,28,12,7,59,7,0,22,8,9,15,12,51,20,10,15,3,6,29,15,0,10,14,21,7,22,27,15,19,13,32,22,37,19,51,36,16,38,18,10,18,24,21,18,100,11,8,8,15,0,15,36,36,13,14,27,10,8,14,0,10,19,12,22,5,10,18,18,29,9,6,33,16,39,12,31,23,23,38,47,10,14,7,27,12,21,75,19,34,44,5,62,0,20,29,35,43,49,16,20,93,24,0,0,44,29,22,8,54,53,28,34,32,13,0,69,41,0,5,56,0,20,58,0,54,19,19,12
G0059,39,44,40,16,26,19,21,41,43,12,39,12,26,35,51,41,42,15,25,32,32,16,29,28,37,6,40,34,24,36,27,15,37,29,33,16,20,14,24,14,17,20,27,41,57,35,27,8,25,11,100,50,48,36,2,27,23,23,35,46,20,29,4,32,2,36,29,35,28,11,41,24,18,20,30,10,31,24,29,11,23,6,26,24,16,30,25,4,30,40,19,11,23,17,21,5,15,6,24,23,19,22,23,28,22,10,19,2,2,20,23,21,4,16,19,19,25,24,2,0,14,16,8,5,18,2,12,18,4,19,2,2,3
G0094,43,38,34,21,23,15,17,42,46,9,39,14,23,33,42,36,38,11,22,38,30,20,30,22,30,7,36,41,23,42,27,16,26,22,36,13,13,13,29,12,12,17,21,30,45,28,24,7,18,8,50,100,46,34,1,25,16,22,34,35,11,29,4,28,3,32,29,30,22,13,40,25,17,16,30,9,18,19,17,10,17,4,22,19,12,36,20,6,22,32,14,8,20,18,13,8,9,7,19,20,14,16,14,24,18,7,17,1,1,14,20,15,4,13,14,14,14,16,1,0,10,13,4,7,13,1,8,12,3,13,1,1,2
G0034,43,39,36,18,22,15,16,37,44,11,33,13,20,31,39,28,38,10,21,33,24,25,28,16,28,6,35,31,23,36,25,11,29,23,31,18,15,14,23,13,13,14,19,28,42,26,25,4,19,8,48,46,100,27,0,25,16,17,31,30,12,19,5,28,3,35,21,33,21,12,37,21,16,16,28,6,19,20,16,8,16,4,18,18,11,29,16,4,19,30,13,10,22,19,12,13,12,10,18,18,15,19,15,22,15,8,14,1,1,17,18,16,5,14,13,18,22,21,1,0,9,16,5,9,12,1,9,12,3,14,1,1,2
G0040,31,46,39,18,13,15,29,43,31,19,26,2,37,29,34,41,36,16,31,36,33,7,26,29,47,5,41,36,29,28,27,25,33,51,39,27,16,27,29,25,23,26,27,31,35,37,39,10,33,15,36,34,27,100,0,39,23,32,30,34,17,31,5,39,2,32,38,26,46,9,45,40,20,27,24,10,38,28,30,14,26,7,26,31,25,27,23,5,36,35,18,18,18,16,24,12,24,5,23,29,28,22,26,24,25,14,23,2,0,22,25,14,5,21,19,21,31,27,2,0,21,15,2,4,20,0,19,20,0,21,2,2,5
G0020,2,0,0,0,0,6,0,0,0,0,4,0,0,0,1,2,2,7,3,1,0,0,0,4,0,0,3,0,0,0,0,0,0,3,0,0,0,0,0,0,0,4,0,0,1,0,0,0,0,0,2,1,0,0,100,2,5,0,0,0,0,3,0,0,0,0,0,2,0,0,0,0,0,0,0,9,0,0,0,0,0,0,0,0,0,2,0,0,4,4,0,0,0,0,0,0,0,0,0,0,0,0,0,0,0,0,0,0,14,0,0,6,0,0,0,0,0,0,0,0,0,0,0,0,0,0,0,8,0,0,0,0,0
G0081,31,35,35,15,16,22,33,32,21,16,26,2,43,32,35,47,33,19,44,26,24,3,28,33,34,0,34,24,24,18,28,22,34,33,33,24,20,21,25,25,20,29,22,27,30,28,35,10,26,15,27,25,25,39,2,100,23,26,22,28,17,36,5,24,2,25,27,34,46,9,37,35,14,22,18,5,37,24,24,11,23,5,16,18,18,29,15,8,38,35,18,18,18,14,18,10,20,2,15,30,28,23,20,18,19,14,25,2,2,23,29,18,2,18,15,27,25,32,2,0,15,15,5,10,17,0,12,24,0,18,2,2,2
G0134,16,18,20,20,17,32,27,14,15,45,16,9,32,11,20,30,17,35,30,17,20,5,9,29,23,0,16,22,22,16,28,32,17,28,15,35,24,27,29,40,33,18,49,28,25,20,25,10,16,36,23,16,16,23,5,23,100,27,19,27,19,16,5,16,0,16,17,14,28,8,17,20,17,52,12,10,38,14,35,17,34,9,34,35,32,17,17,5,33,24,23,43,26,38,45,4,54,4,16,34,37,37,41,23,17,34,19,7,6,46,41,20,5,32,40,28,37,37,5,0,33,29,4,4,35,7,18,54,6,50,7,7,4
G0021,16,28,28,30,18,30,33,30,21,28,16,0,42,19,18,30,28,28,38,24,33,5,13,45,28,0,22,31,32,23,39,32,26,36,24,27,29,35,41,32,28,22,43,23,17,39,44,16,35,36,23,22,17,32,0,26,27,100,26,30,29,27,5,27,0,21,27,27,37,8,23,34,20,29,20,16,44,33,54,31,33,9,23,43,32,19,21,11,38,27,22,33,18,20,45,4,38,0,23,47,25,47,43,18,19,34,39,0,0,40,30,30,5,50,34,28,37,33,4,0,33,30,5,4,56,0,16,38,0,32,7,7,4
G1001,29,30,27,20,17,17,23,31,25,15,20,17,24,28,30,32,33,15,20,33,23,14,29,19,23,6,24,29,21,22,28,12,31,27,25,19,19,17,27,18,19,19,28,30,29,23,31,5,30,13,35,34,31,30,0,22,19,26,100,31,19,24,6,24,3,28,26,29,25,7,30,23,22,24,26,5,29,27,18,16,19,8,15,21,14,25,17,2,21,27,17,13,14,25,17,11,16,12,20,24,18,18,22,20,18,12,19,0,0,18,22,20,6,25,25,20,25,27,2,0,13,14,3,8,19,0,13,15,6,20,3,3,5
G1006,32,46,44,14,21,16,30,32,34,12,28,6,27,35,37,39,36,15,31,34,31,10,30,26,37,5,36,31,22,34,31,20,30,29,34,18,25,18,27,14,23,23,31,36,41,34,25,7,24,14,46,35,30,34,0,28,27,30,31,100,12,26,2,25,2,41,29,28,30,11,48,26,18,25,24,12,35,22,26,12,23,3,25,22,20,29,36,5,41,31,18,13,24,15,26,9,18,10,15,27,23,25,23,19,25,13,16,2,2,20,28,19,5,16,19,24,25,28,1,0,17,16,7,6,20,2,13,17,2,23,2,2,1
G0043,10,14,17,24,14,28,16,19,9,19,12,0,27,16,14,17,19,17,21,10,17,0,12,30,20,0,13,13,16,13,13,19,19,16,14,27,33,25,17,33,24,25,19,17,13,24,24,13,34,27,20,11,12,17,0,17,19,29,19,12,100,19,5,14,0,15,20,19,19,4,14,20,18,16,14,4,27,29,38,27,32,13,14,20,17,14,15,5,16,16,35,22,19,13,21,9,28,0,20,19,18,21,24,26,26,24,38,0,0,22,16,26,5,41,24,25,28,26,7,0,23,29,5,3,24,0,20,25,0,24,10,10,6
G0106,24,31,30,15,12,14,31,30,22,11,20,0,27,26,33,30,28,12,32,23,27,0,21,30,34,0,32,20,19,27,20,19,22,26,33,16,20,17,22,18,19,30,22,17,23,32,25,16,28,10,29,29,19,31,3,36,16,27,24,26,19,100,6,27,0,23,30,23,26,14,31,36,22,16,29,5,28,21,19,16,20,9,13,18,18,42,30,6,25,28,17,10,20,10,17,8,12,2,21,19,25,23,23,24,25,9,28,3,3,16,19,25,3,14,11,14,15,17,3,0,10,14,6,11,17,0,13,20,0,14,3,3,6
G0028,3,2,7,18,9,15,9,7,4,6,4,7,3,8,7,2,7,8,3,6,8,3,6,5,2,0,5,8,7,6,3,11,2,3,7,4,7,6,7,5,7,3,5,7,5,14,4,9,19,8,4,4,5,5,0,5,5,5,6,2,5,6,100,8,20,6,10,6,3,15,6,6,5,3,8,10,5,5,6,6,4,35,13,6,5,4,8,28,4,4,7,10,9,4,7,16,6,10,10,5,10,6,7,15,5,8,15,0,0,6,5,14,14,6,6,5,4,5,0,0,9,6,0,7,8,0,9,8,0,5,0,0,43
G0037,30,34,43,23,16,17,31,47,42,15,32,6,24,33,34,34,37,15,23,37,29,17,37,22,39,5,35,30,39,35,26,21,24,25,43,18,19,19,26,17,24,22,25,31,34,38,31,10,26,14,32,28,28,39,0,24,16,27,24,25,14,27,8,100,5,31,49,38,22,14,41,32,24,28,40,10,23,24,22,9,25,6,25,26,17,26,27,13,17,27,19,14,30,13,20,21,15,7,22,22,24,20,24,29,22,13,23,2,0,17,15,17,8,19,17,19,20,20,2,0,17,14,1,9,18,0,10,18,0,20,2,2,4
G0011,2,2,5,6,4,8,5,4,2,0,2,20,0,5,3,0,2,9,0,4,2,7,4,5,2,16,3,2,8,2,0,7,2,0,5,7,0,0,7,0,8,5,6,3,4,7,4,0,14,0,2,3,3,2,0,2,0,0,3,2,0,0,20,5,100,6,3,2,0,22,4,3,6,5,2,12,0,0,0,0,0,0,4,6,0,0,4,16,5,0,0,0,4,0,0,20,0,28,6,0,6,7,8,10,6,0,8,0,0,0,0,0,20,0,10,0,6,0,0,0,0,0,0,9,0,0,0,0,0,10,0,0,0
G0093,25,39,49,14,29,16,29,46,34,8,24,8,20,40,36,33,39,11,27,27,25,16,41,16,30,6,40,34,20,42,22,18,24,23,40,22,25,13,21,11,26,36,20,36,37,31,20,5,33,10,36,32,35,32,0,25,16,21,28,41,15,23,6,31,6,100,29,28,26,10,38,15,21,21,36,15,27,33,18,18,19,4,27,17,10,22,32,12,20,24,23,9,29,9,16,21,12,12,27,20,21,17,22,37,24,9,25,3,3,15,18,23,6,13,17,23,23,23,2,0,13,17,9,5,15,0,16,15,3,20,3,3,2
G0061,23,30,36,26,19,22,32,36,32,20,27,2,26,21,33,42,33,16,25,34,30,8,27,28,35,3,32,36,39,34,23,16,24,25,43,17,20,21,26,27,24,20,23,24,28,40,31,9,29,19,29,29,21,38,0,27,17,27,26,29,20,30,10,49,3,29,100,30,25,8,36,37,20,26,30,6,31,27,24,12,32,10,28,26,18,24,30,10,19,26,21,18,31,16,22,15,21,6,14,23,19,20,24,32,26,17,29,0,0,20,20,29,6,22,19,25,22,21,3,0,22,18,3,2,26,0,14,21,0,18,3,3,6
G0049,31,38,38,25,15,17,27,40,33,10,30,3,29,35,40,32,39,11,26,31,29,11,41,17,28,2,35,27,27,35,29,13,29,28,32,13,24,19,28,15,16,21,18,30,33,29,25,3,24,12,35,30,33,26,2,34,14,27,29,28,19,23,6,38,2,28,30,100,26,7,40,27,18,18,33,4,27,30,21,9,24,6,15,15,10,30,19,9,21,34,17,11,22,9,19,12,13,2,17,21,18,21,18,25,15,11,22,2,0,19,19,20,4,20,12,22,18,31,2,0,12,17,4,6,19,0,7,16,0,14,2,2,4
G0121,21,39,29,17,14,22,37,26,20,23,23,3,46,28,26,46,32,19,42,22,27,2,24,28,33,0,26,28,22,19,42,22,28,40,29,29,24,25,26,37,28,27,36,28,26,27,40,10,27,22,28,22,21,46,0,46,28,37,25,30,19,26,3,22,0,26,25,26,100,9,27,34,13,30,15,7,53,26,39,17,27,7,17,30,26,25,20,3,39,35,22,26,20,19,30,10,30,0,17,41,30,32,28,17,22,21,25,4,0,33,46,21,3,26,22,28,31,40,4,0,27,21,3,3,30,0,18,29,0,26,4,4,3
G0008,9,14,10,8,10,9,11,10,9,11,8,11,5,11,11,12,8,10,5,9,15,6,7,12,12,7,12,9,8,9,13,21,12,8,13,15,9,8,15,4,16,11,26,8,8,14,14,14,13,5,11,13,12,9,0,9,8,8,7,11,4,14,15,14,22,10,8,7,9,100,9,14,7,11,9,20,7,3,8,4,7,6,6,27,17,13,19,14,15,10,9,5,15,8,16,17,4,23,13,7,13,22,16,16,13,5,9,11,0,15,12,8,27,4,10,2,7,7,0,0,4,8,0,24,11,0,4,11,0,18,0,0,7
G0027,37,43,54,20,18,15,26,45,40,11,35,5,26,40,48,35,43,12,25,39,26,15,37,26,39,3,46,35,27,35,25,16,34,31,44,14,16,20,29,15,19,26,18,28,51,30,24,9,26,10,41,40,37,45,0,37,17,23,30,48,14,31,6,41,4,38,36,40,27,9,100,35,21,21,32,5,25,26,21,7,24,5,24,20,15,27,23,8,30,30,15,12,22,12,15,15,17,7,22,23,23,16,16,24,20,10,21,0,0,12,16,17,3,18,13,27,25,22,2,0,13,20,6,7,15,0,10,12,0,13,2,2,3
G0080,23,35,28,18,12,18,27,25,25,19,23,2,32,19,29,35,27,19,34,23,30,5,19,31,34,3,32,30,31,18,26,19,29,34,31,23,15,28,28,30,23,23,30,21,24,36,42,12,32,18,24,25,21,40,0,35,20,34,23,26,20,36,6,32,3,15,37,27,34,14,35,100,19,37,19,9,30,23,31,12,27,9,18,29,22,25,23,6,29,25,13,21,15,16,25,8,24,2,17,33,29,27,27,21,21,17,27,0,0,23,22,20,10,22,22,24,28,24,3,0,22,25,3,15,29,0,13,20,0,21,3,3,6
G0077,11,16,20,29,21,22,18,25,17,13,12,13,16,19,18,12,22,20,11,19,9,13,19,22,20,10,18,16,26,18,13,15,17,20,17,23,23,17,24,14,26,27,17,21,20,23,21,15,19,18,18,17,16,20,0,14,17,20,22,18,18,22,5,24,6,21,20,18,13,7,21,19,100,14,30,9,20,18,23,11,27,8,19,18,17,15,17,17,18,8,24,16,21,10,18,18,21,4,16,14,20,18,20,19,22,16,20,0,0,14,11,22,11,24,19,17,24,15,4,0,17,14,0,18,15,0,23,15,0,19,6,6,4
G1002,16,27,24,18,20,22,28,19,22,37,19,12,29,13,22,32,19,28,31,17,26,10,12,25,28,4,20,20,37,16,34,22,19,30,19,36,20,24,35,33,41,26,50,25,22,25,31,8,22,29,20,16,16,27,0,22,52,29,24,25,16,16,3,28,5,21,26,18,30,11,21,37,14,100,14,7,29,21,25,15,37,9,21,36,21,17,22,3,25,26,19,33,19,33,37,6,39,8,20,36,38,40,49,28,20,27,24,5,0,40,30,12,8,29,42,29,33,31,5,0,33,24,4,6,38,0,9,36,5,49,5,5,4
G0117,21,28,38,22,23,15,21,48,33,10,27,7,14,30,29,24,37,7,17,31,26,15,35,12,28,5,31,29,27,35,18,13,20,22,23,14,23,12,19,10,17,23,15,27,34,26,22,4,21,9,30,30,28,24,0,18,12,20,26,24,14,29,8,40,2,36,30,33,15,9,32,19,30,14,100,8,17,23,17,11,17,7,25,13,9,19,26,11,9,19,25,8,21,11,15,13,11,8,21,14,19,13,17,27,16,8,20,2,2,13,11,24,2,15,10,21,16,19,2,0,12,13,8,7,14,0,15,14,2,12,2,2,5
G0052,8,10,14,3,12,19,3,11,8,5,8,6,7,7,8,10,11,22,10,10,8,6,5,14,7,9,11,13,10,10,7,9,7,2,6,9,6,5,13,4,12,7,16,10,7,16,16,6,10,6,10,9,6,10,9,5,10,16,5,12,4,5,10,10,12,15,6,4,7,20,5,9,9,7,8,100,4,4,10,13,3,8,11,24,4,2,17,20,18,6,12,8,3,3,12,21,5,16,15,9,9,19,12,8,16,6,5,0,25,11,9,18,22,5,12,9,8,4,0,0,16,5,0,13,14,0,15,15,0,12,0,0,9
G0112,18,31,24,23,14,30,48,26,17,26,16,0,51,25,24,37,24,26,37,24,30,2,19,37,32,0,24,26,23,18,37,37,32,45,34,32,34,28,24,38,33,25,42,29,24,29,39,15,37,33,31,18,19,38,0,37,38,44,29,35,27,28,5,23,0,27,31,27,53,7,25,30,20,29,17,4,100,39,53,22,43,10,22,28,37,25,21,5,44,30,28,31,26,20,42,4,44,0,21,35,29,38,40,18,24,31,34,6,0,39,40,29,5,38,32,27,41,44,6,0,31,28,5,4,36,0,30,43,0,37,6,6,4
G0038,18,29,22,18,13,18,26,29,18,13,11,0,27,24,21,27,28,14,35,18,21,5,25,19,22,0,20,16,21,24,35,14,26,33,26,18,26,24,18,20,17,18,16,23,21,19,35,7,41,16,24,19,20,28,0,24,14,33,27,22,29,21,5,24,0,33,27,30,26,3,26,23,18,21,23,4,39,100,29,19,19,10,15,15,12,16,20,5,22,28,22,16,19,10,22,7,17,0,19,28,13,17,22,19,19,16,34,0,0,17,19,26,5,28,17,16,26,27,6,0,15,16,3,4,26,0,23,19,0,17,4,4,4
G0070,15,24,23,25,18,33,28,25,16,30,19,0,37,20,19,27,25,29,30,22,34,5,11,39,34,0,21,27,24,16,29,34,30,36,20,30,28,29,29,34,27,21,45,27,23,34,47,17,30,39,29,17,16,30,0,24,35,54,18,26,38,19,6,22,0,18,24,21,39,8,21,31,23,25,17,10,53,29,99,23,39,12,29,36,42,17,18,5,42,28,25,36,18,21,48,4,47,0,17,44,26,41,35,15,18,36,36,0,0,42,31,30,6,41,34,28,50,37,7,0,36,39,4,4,49,0,35,37,0,34,7,7,5
G0044,8,11,15,11,14,12,9,11,9,10,9,6,21,11,8,15,10,9,13,13,17,3,8,19,10,0,11,15,8,14,12,18,11,13,11,19,27,13,21,13,15,19,19,18,9,15,16,6,19,12,11,10,8,14,0,11,17,31,16,12,27,16,6,9,0,18,12,9,17,4,7,12,11,15,11,13,22,19,23,100,20,7,18,19,8,15,8,15,9,12,20,11,10,12,13,4,18,7,19,22,11,14,15,14,13,13,22,0,0,14,11,18,6,24,26,15,22,20,0,0,10,12,9,4,18,0,19,18,11,24,0,0,8
G0068,13,18,26,34,20,33,26,22,16,26,17,0,36,19,24,23,22,24,24,19,20,7,13,35,26,5,20,25,24,14,26,30,23,36,22,30,37,26,25,28,44,35,31,28,19,31,23,13,20,31,23,17,16,26,0,23,34,33,19,23,32,20,4,25,0,19,32,24,27,7,24,27,27,37,17,3,43,19,39,20,100,8,26,25,30,15,18,9,24,17,38,29,25,19,40,3,41,0,15,26,29,34,36,20,20,31,21,6,0,34,27,18,4,46,31,42,38,36,4,0,27,25,5,3,32,0,20,41,0,37,4,4,4
G0071,3,3,6,17,8,14,8,6,4,16,4,0,6,7,4,5,6,14,6,5,8,0,5,8,4,0,5,6,6,6,6,10,4,6,7,11,12,10,6,13,12,7,11,9,5,8,7,10,17,23,6,4,4,7,0,5,9,9,8,3,13,9,35,6,0,4,10,6,7,6,5,9,8,9,7,8,10,10,12,7,8,100,12,10,13,6,12,10,8,6,12,20,7,9,12,6,15,0,17,9,17,13,12,13,9,23,14,0,0,13,8,20,12,14,14,8,9,9,36,0,17,11,0,6,18,0,16,15,0,14,0,0,63
G0001,18,19,29,33,25,26,18,28,25,25,23,7,24,21,19,24,25,19,19,27,27,11,12,17,23,4,25,34,27,27,15,25,15,21,19,20,17,16,22,23,18,14,20,34,28,24,22,6,20,23,26,22,18,26,0,16,34,23,15,25,14,13,13,25,4,27,28,15,17,6,24,18,19,21,25,11,22,15,29,18,26,12,100,25,23,11,20,18,17,15,22,28,20,24,22,6,31,8,21,25,29,17,18,26,17,23,18,0,0,17,18,21,3,23,24,25,31,22,3,0,26,21,4,2,20,5,22,19,4,24,3,3,8
G1003,15,24,21,21,18,26,23,20,18,47,15,4,29,12,19,24,18,37,22,22,25,5,9,44,27,5,23,26,28,14,30,27,27,26,24,37,19,30,40,41,36,20,53,21,19,33,41,17,21,38,24,19,18,31,0,18,35,43,21,22,20,18,6,26,6,17,26,15,30,27,20,29,18,36,13,24,28,15,36,19,25,10,25,100,33,15,26,12,40,23,18,45,23,33,39,9,49,10,36,37,39,49,45,19,31,36,22,0,0,42,31,21,12,36,44,30,40,32,5,0,35,31,6,9,48,0,12,39,0,42,7,7,5
G0048,11,19,13,25,10,30,34,15,9,49,11,0,25,9,15,25,15,34,24,15,18,2,7,28,25,0,14,20,20,5,26,35,15,26,13,21,16,42,15,32,31,16,41,15,13,18,28,19,19,47,16,12,11,25,0,18,32,32,14,20,17,18,5,17,0,10,18,10,26,17,15,22,17,21,9,4,37,12,42,8,30,13,23,33,100,15,14,5,38,15,15,43,15,32,39,3,47,6,13,28,33,29,31,11,19,49,22,0,0,29,28,15,14,35,34,27,30,24,7,0,39,35,0,9,36,0,21,36,0,35,6,6,6
G0139,26,31,25,13,12,11,20,28,30,11,25,4,26,30,30,33,27,9,22,28,23,8,23,20,25,2,30,22,15,30,22,19,24,22,33,17,20,15,22,16,14,22,24,23,28,20,22,8,19,10,30,36,29,27,2,29,17,19,25,29,14,42,4,26,0,22,24,30,25,13,27,25,15,17,19,2,25,16,17,15,15,6,11,15,15,100,18,4,19,29,13,9,22,14,12,8,11,4,18,17,16,16,14,20,21,9,20,2,0,14,19,13,7,12,13,11,16,24,2,0,10,15,4,8,12,0,10,14,2,15,2,2,4
G0108,17,26,31,16,21,15,26,27,19,11,17,3,14,25,25,26,25,16,22,18,26,6,22,19,20,8,37,22,22,26,17,20,23,15,29,22,23,17,18,15,35,27,26,21,18,37,21,7,25,14,25,20,16,23,0,15,17,21,17,36,15,30,8,27,4,32,30,19,20,19,23,23,17,22,26,17,21,20,18,8,18,12,20,26,14,18,100,8,31,20,24,13,21,9,28,10,15,7,26,19,33,28,30,35,27,12,21,4,4,23,24,29,8,14,18,22,16,17,3,0,14,19,7,10,25,0,15,20,0,23,4,4,8
G0039,5,4,12,17,13,14,14,12,5,5,4,7,7,7,6,5,7,7,3,6,8,6,8,4,5,11,9,10,11,8,3,18,2,3,9,4,14,5,10,5,14,8,5,7,5,13,3,8,11,7,4,6,4,5,0,8,5,11,2,5,5,6,28,13,16,12,10,9,3,14,8,6,17,3,11,20,5,5,5,15,9,10,18,12,5,4,8,100,4,2,14,9,14,3,6,15,6,9,10,4,10,6,6,14,11,7,14,0,0,6,4,6,12,6,5,10,4,5,0,0,8,6,0,15,8,0,8,8,0,5,0,0,12
G0073,22,30,23,17,19,27,32,23,15,22,17,3,33,24,28,28,29,34,36,23,22,4,15,45,30,4,26,23,27,14,38,32,33,29,28,23,15,28,30,26,32,20,41,21,24,28,31,13,30,27,30,22,19,36,4,38,33,38,21,41,16,25,4,17,5,20,19,21,39,15,30,29,18,25,9,18,44,22,42,9,24,8,17,40,38,19,31,4,100,29,16,26,15,17,36,7,34,4,23,31,30,44,32,16,24,26,23,0,4,38,35,21,9,26,31,23,31,27,5,0,26,25,3,11,35,0,16,34,0,31,5,5,3
G0047,34,39,37,13,11,15,25,32,26,16,32,4,28,27,33,38,29,16,34,30,34,6,25,30,34,0,30,29,15,28,32,13,32,36,31,14,14,15,33,15,14,14,29,25,34,31,29,8,24,12,40,32,30,35,4,35,24,27,27,31,16,28,4,27,0,24,26,34,35,10,30,25,8,26,19,6,30,28,28,12,17,6,15,23,15,29,20,2,29,100,15,12,17,16,20,6,14,4,15,33,18,21,19,18,13,11,20,2,2,22,24,20,2,15,15,13,18,21,2,0,15,15,2,1,20,0,10,19,2,17,2,2,4
G0054,10,17,24,29,24,28,20,23,11,17,14,0,26,24,17,22,18,18,19,11,14,2,20,19,24,6,19,16,19,17,17,24,18,18,18,32,43,19,14,21,37,23,24,32,17,20,18,10,22,21,19,14,13,18,0,18,23,22,17,18,35,17,7,19,0,23,21,17,22,9,15,13,24,19,25,12,28,22,25,20,38,12,22,18,15,13,24,14,16,15,100,22,24,12,28,4,23,0,18,22,22,27,29,25,32,21,30,8,0,27,22,20,7,37,21,37,20,30,6,0,29,20,4,10,24,0,24,33,0,30,6,6,6
G0062,7,13,12,31,14,42,27,12,9,71,9,0,26,8,10,18,15,50,24,10,15,3,6,29,17,0,11,17,25,6,21,25,14,22,12,36,22,36,19,57,33,14,35,18,12,17,28,15,18,75,11,8,10,18,0,18,43,33,13,13,22,10,10,14,0,9,18,11,26,5,12,21,16,33,8,8,31,16,36,11,29,20,28,45,43,9,13,9,26,12,22,100,19,41,43,6,69,0,17,36,42,41,44,14,18,79,22,0,0,40,29,20,10,49,48,36,38,41,11,0,60,38,0,6,54,0,20,55,0,49,11,11,10
G0119,15,20,26,21,22,20,31,25,23,16,13,3,19,20,17,23,23,17,17,17,21,9,22,20,26,4,20,19,19,29,17,26,18,15,31,22,29,23,22,24,31,19,23,24,26,27,16,11,21,19,23,20,22,18,0,18,26,18,14,24,19,20,9,30,4,29,31,22,20,15,22,15,21,19,21,3,26,19,18,10,25,7,20,23,15,22,21,14,15,17,24,19,100,13,24,20,21,3,17,16,20,25,26,31,32,19,25,5,0,25,25,19,4,21,21,20,16,25,3,0,18,18,4,3,23,5,9,29,0,25,3,3,3
G1011,14,17,12,20,17,24,18,11,12,46,12,26,18,6,18,26,12,26,17,12,17,14,6,18,16,5,11,24,17,7,23,17,11,20,10,23,13,21,20,32,18,10,40,20,14,13,24,8,11,34,17,18,19,16,0,14,38,20,25,15,13,10,4,13,0,9,16,9,19,8,12,16,10,33,11,3,20,10,21,12,19,9,24,33,32,14,9,3,17,16,12,41,13,100,24,3,35,10,11,29,27,23,24,13,11,35,13,0,0,29,24,12,4,27,34,23,25,25,5,0,29,22,0,3,28,0,10,28,14,35,4,4,4
G0095,12,19,21,24,19,30,38,17,12,35,12,0,29,11,17,24,18,34,28,13,25,2,11,27,24,0,16,20,24,14,30,39,24,30,18,32,29,32,22,37,37,19,47,22,17,29,27,10,24,44,21,13,12,24,0,18,45,45,17,26,21,17,7,20,0,16,22,19,30,16,15,25,18,37,15,12,42,22,48,13,40,12,22,39,39,12,28,6,36,20,28,43,24,24,100,5,53,0,17,40,36,54,58,25,18,44,28,9,0,53,40,22,7,40,39,26,34,36,6,9,39,33,5,5,68,0,22,56,0,51,6,6,6
G0053,8,9,19,8,7,16,11,18,13,4,13,17,5,15,8,10,15,11,8,11,4,12,18,8,9,7,13,12,13,14,3,8,9,2,16,8,5,9,9,9,10,11,9,9,15,18,13,5,19,5,5,8,13,12,0,10,4,4,11,9,9,8,16,21,20,21,15,12,10,17,15,8,18,6,13,21,4,7,4,4,3,6,6,9,3,8,10,15,7,6,4,6,20,3,5,100,4,21,7,8,7,10,10,27,14,5,23,0,8,4,3,9,16,4,10,8,7,4,0,0,6,9,0,17,5,0,12,5,0,10,0,0,6
G0066,10,15,15,28,16,34,29,14,10,56,12,0,35,10,14,20,17,39,26,14,17,3,8,31,23,0,13,22,28,8,25,36,20,30,14,41,24,38,22,61,38,20,39,19,16,20,30,15,19,62,15,9,12,24,0,20,54,38,16,18,28,12,6,15,0,12,21,13,30,4,17,24,21,39,11,5,44,17,47,18,41,15,31,49,47,11,15,6,34,14,23,69,21,35,53,4,100,0,24,38,43,44,49,17,23,58,28,0,0,45,31,18,6,53,52,37,54,40,8,0,49,40,8,4,54,0,25,56,0,49,12,12,8
G1005,7,8,12,5,12,12,4,9,8,7,10,21,0,4,6,5,4,6,3,12,11,17,5,4,5,9,7,13,6,6,11,5,2,2,4,5,0,0,9,0,6,4,16,6,5,9,11,0,10,0,6,7,10,5,0,2,4,0,12,10,0,2,10,7,28,12,6,2,0,23,7,2,4,8,8,16,0,0,0,7,0,0,8,10,6,4,7,9,4,4,0,0,3,10,0,21,0,100,5,9,5,5,6,13,5,0,5,0,11,0,0,0,10,0,14,4,4,0,0,0,0,5,0,6,0,0,7,0,12,14,0,0,0
G1009,14,19,23,16,21,13,18,22,20,15,11,4,21,26,15,12,15,20,15,22,18,5,15,24,17,12,17,17,15,24,17,27,20,14,24,30,23,17,26,20,27,31,23,25,21,21,17,17,30,20,24,19,18,23,0,15,16,23,20,15,20,21,10,22,6,27,14,17,17,13,22,17,16,20,21,15,21,19,17,19,15,17,21,36,13,18,26,10,23,15,18,17,17,11,17,7,24,5,100,15,32,25,27,27,31,18,22,0,0,19,20,25,10,21,27,19,22,26,5,0,17,24,20,7,21,0,12,21,0,26,7,7,12
G0142,19,28,24,21,25,28,30,22,17,31,21,3,30,19,22,37,27,31,36,19,32,4,17,30,25,0,20,32,29,16,40,23,23,30,22,30,20,26,27,33,23,15,44,25,23,28,42,12,27,29,23,20,18,29,0,30,34,47,24,27,19,19,5,22,0,20,23,21,41,7,23,33,14,36,14,9,35,28,44,22,26,9,25,37,28,17,19,4,31,33,22,36,16,29,40,8,38,9,15,100,27,35,35,20,16,29,38,0,0,35,29,20,5,35,36,30,32,34,5,0,27,25,5,3,50,0,17,32,5,35,4,4,4
G0098,15,22,31,26,16,24,39,23,15,37,15,4,25,18,19,22,18,34,32,16,19,5,18,33,24,5,24,18,24,12,22,27,18,26,19,42,23,32,23,38,46,39,38,27,20,30,27,8,25,35,19,14,15,28,0,28,37,25,18,23,18,25,10,24,6,21,19,18,30,13,23,29,20,38,19,9,29,13,26,11,29,17,29,39,33,16,33,10,30,18,22,42,20,27,36,7,43,5,32,27,100,43,46,26,25,35,17,7,0,35,40,17,10,33,41,33,36,36,5,0,30,33,10,12,33,0,11,43,0,52,5,5,12
G0090,14,23,25,23,21,31,30,22,15,33,15,4,31,18,18,23,16,42,29,16,27,5,12,41,26,6,17,21,30,15,37,30,22,24,19,40,28,33,33,36,49,26,60,26,16,35,33,10,23,43,22,16,19,22,0,23,37,47,18,25,21,23,6,20,7,17,20,21,32,22,16,27,18,40,13,19,38,17,41,14,34,13,17,49,29,16,28,6,44,21,27,41,25,23,54,10,44,5,25,35,43,100,72,30,26,42,25,8,0,58,41,22,14,41,50,27,36,35,8,0,38,33,6,16,58,0,14,56,0,60,7,7,6
G0099,13,20,23,24,16,31,39,22,13,35,12,5,28,16,18,23,17,45,29,14,27,5,14,36,26,6,17,16,36,13,28,32,23,28,22,44,30,35,25,40,55,29,53,28,18,37,29,12,31,49,23,14,15,26,0,20,41,43,22,23,24,23,7,24,8,22,24,18,28,16,16,27,20,49,17,12,40,22,35,15,36,12,18,45,31,14,30,6,32,19,29,44,26,24,58,10,49,6,27,35,46,72,100,39,29,46,34,9,0,50,36,17,16,45,55,29,39,37,6,0,43,36,7,17,60,0,15,62,0,66,9,9,6
G0088,17,20,29,22,26,16,23,31,23,12,21,11,16,23,25,27,26,17,18,16,27,12,24,20,21,9,23,29,35,29,17,22,18,15,29,24,25,18,19,21,33,29,29,26,28,35,17,8,38,16,28,24,22,24,0,18,23,18,20,19,26,24,15,29,10,37,32,25,17,16,24,21,19,28,27,8,18,19,15,14,20,13,26,19,11,20,35,14,16,18,25,14,31,13,25,27,17,13,27,20,26,30,39,100,28,14,39,5,0,21,16,27,9,15,26,20,17,17,4,0,15,20,8,11,22,0,10,22,5,32,5,5,9
G0143,11,24,21,16,22,14,23,18,15,15,13,4,20,21,15,25,19,21,18,18,10,5,20,25,35,11,17,14,24,17,14,15,21,12,21,23,32,30,19,34,44,25,24,26,19,21,25,17,27,20,22,18,15,25,0,19,17,19,18,25,26,25,5,22,6,24,26,15,22,13,20,21,22,20,16,16,24,19,18,13,20,9,17,31,19,21,27,11,24,13,32,18,32,11,18,14,23,5,31,16,25,26,29,28,100,18,30,0,0,21,27,15,12,21,27,25,22,22,5,0,26,19,12,9,22,0,20,23,0,25,7,7,5
G0013,6,10,12,34,13,43,28,11,7,61,7,0,20,7,8,14,12,53,19,10,14,3,5,29,14,0,9,13,19,6,21,28,14,17,12,29,22,36,18,48,33,15,35,18,9,17,22,17,17,93,10,7,8,14,0,14,34,34,12,13,24,9,8,13,0,9,17,11,21,5,10,17,16,27,8,6,31,16,36,13,31,23,23,36,49,9,12,7,26,11,21,79,19,35,44,5,58,0,18,29,35,42,46,14,18,100,22,0,0,41,29,20,8,55,54,28,32,32,14,0,65,38,0,5,58,0,20,59,0,56,13,13,12
G0026,12,18,20,23,21,30,32,23,16,18,14,5,27,23,17,25,23,18,29,15,24,5,20,27,23,0,21,21,27,22,20,31,21,25,26,27,27,27,21,31,26,21,30,15,21,30,29,21,52,24,19,17,14,23,0,25,19,39,19,16,38,28,15,23,8,25,29,22,25,9,21,27,20,24,20,5,34,34,36,22,21,14,18,22,22,20,21,14,23,20,30,22,25,13,28,23,28,5,22,38,17,25,34,39,30,22,100,0,0,26,19,22,7,31,24,21,23,25,9,0,23,29,7,5,38,0,24,27,0,22,9,9,6
G0029,1,2,2,0,0,0,5,2,1,0,1,0,4,2,1,2,0,0,3,0,3,0,2,0,2,0,1,0,0,2,4,7,0,3,2,8,9,0,0,0,9,6,7,4,2,3,0,0,0,0,2,1,1,2,0,2,7,0,0,2,0,3,0,2,0,3,0,2,4,11,0,0,0,5,2,0,6,0,0,0,6,0,0,0,0,2,4,0,0,2,8,0,5,0,9,0,0,0,0,0,7,8,9,5,0,0,0,100,0,8,6,0,0,0,0,0,0,6,0,0,0,0,0,0,0,0,0,12,0,11,0,0,0
G0041,2,2,2,0,0,16,0,2,2,0,2,0,0,0,1,2,4,8,7,2,0,3,2,5,0,0,1,2,0,2,0,0,0,0,0,0,0,0,0,0,0,0,0,0,1,3,4,0,0,0,2,1,1,0,14,2,6,0,0,2,0,3,0,0,0,3,0,0,0,0,0,0,0,0,2,25,0,0,0,0,0,0,0,0,0,0,4,0,4,2,0,0,0,0,0,8,0,11,0,0,0,0,0,0,0,0,0,0,100,0,0,7,0,0,0,5,0,0,0,0,0,0,0,0,0,0,10,9,0,0,0,0,0
G0127,13,23,22,23,31,31,30,17,15,42,14,4,26,13,16,23,16,32,25,12,24,5,12,28,23,0,18,21,26,16,32,29,20,24,17,33,28,33,29,37,40,22,52,22,14,27,29,11,17,44,20,14,17,22,0,23,46,40,18,20,22,16,6,17,0,15,20,19,33,15,12,23,14,40,13,11,39,17,42,14,34,13,17,42,29,14,23,6,38,22,27,40,25,29,53,4,45,0,19,35,35,58,50,21,21,41,26,8,0,100,41,23,6,41,40,27,30,35,8,0,39,34,6,4,58,0,14,56,0,48,8,8,5
G1008,18,23,25,18,17,23,41,16,14,25,12,8,31,16,20,32,19,25,32,19,20,2,15,27,22,0,18,15,17,16,36,23,24,26,19,24,22,32,27,34,36,21,44,27,20,26,27,7,18,29,23,20,18,25,0,29,41,30,22,28,16,19,5,15,0,18,20,19,46,12,16,22,11,30,11,9,40,19,31,11,27,8,18,31,28,19,24,4,35,24,22,29,25,24,40,3,31,0,20,29,40,41,36,16,27,29,19,6,0,41,100,17,5,30,30,27,23,35,4,0,27,26,5,3,40,6,18,40,0,35,4,4,4
G0009,11,14,20,21,19,26,20,20,16,16,14,0,16,17,18,24,23,24,20,15,24,0,15,24,14,0,16,25,13,22,14,13,18,15,18,19,27,14,18,17,17,24,21,19,16,24,22,11,27,22,21,15,16,14,6,18,20,30,20,19,26,25,14,17,0,23,29,20,21,8,17,20,22,12,24,18,29,26,30,18,18,20,21,21,15,13,29,6,21,20,20,20,19,12,22,9,18,0,25,20,17,22,17,27,15,20,22,0,7,23,17,100,6,21,15,19,22,20,6,0,21,16,6,4,25,0,18,25,0,16,8,8,14
G0076,3,6,4,4,4,7,3,4,4,6,4,7,3,5,5,5,2,17,3,4,2,3,4,10,5,12,3,2,11,4,3,4,5,3,7,12,7,13,7,5,16,9,12,7,3,6,8,9,12,8,4,4,5,5,0,2,5,5,6,5,5,3,14,8,20,6,6,4,3,27,3,10,11,8,2,22,5,5,6,6,4,12,3,12,14,7,8,12,9,2,7,10,4,4,7,16,6,10,10,5,10,14,16,9,12,8,7,0,0,6,5,6,100,6,15,5,10,5,0,0,9,14,0,27,8,0,9,8,0,15,0,0,15
G0130,9,16,19,50,16,50,28,21,11,41,11,0,31,14,13,18,21,38,23,15,19,6,9,35,18,0,14,17,26,12,28,27,21,26,15,35,29,46,28,43,34,21,36,22,13,22,32,12,23,54,16,13,14,21,0,18,32,50,25,16,41,14,6,19,0,13,22,20,26,4,18,22,24,29,15,5,38,28,41,24,46,14,23,36,35,12,14,6,26,15,37,49,21,27,40,4,53,0,21,35,33,41,45,15,21,55,31,0,0,41,30,21,6,100,50,42,39,37,8,0,44,36,8,4,52,0,22,54,0,47,7,7,7
G0136,10,17,19,26,20,32,28,15,13,40,13,11,22,12,13,19,13,48,19,16,19,9,9,36,18,7,12,21,25,10,27,27,18,19,16,36,22,36,29,42,43,23,53,28,15,23,27,11,25,53,19,14,13,19,0,15,40,34,25,19,24,11,6,17,10,17,19,12,22,10,13,22,19,42,10,12,32,17,34,26,31,14,24,44,34,13,18,5,31,15,21,48,21,34,39,10,52,14,27,36,41,50,55,26,27,54,24,0,0,40,30,15,15,50,99,29,40,30,7,0,42,35,8,10,51,0,15,52,10,76,7,7,7
G0131,12,23,26,32,20,38,24,25,18,30,19,0,28,17,23,24,28,24,29,18,18,13,15,25,23,4,23,25,28,14,22,18,23,21,20,28,25,31,22,32,42,24,25,25,24,24,33,7,17,28,19,14,18,21,0,27,28,28,20,24,25,14,5,19,0,23,25,22,28,2,27,24,17,29,21,9,27,16,28,15,42,8,25,30,27,11,22,10,23,13,37,36,20,23,26,8,37,4,19,30,33,27,29,20,25,28,21,0,5,27,27,19,5,42,29,100,31,37,4,0,26,24,10,8,31,0,20,32,0,27,4,4,4
G0138,16,22,24,23,20,27,21,20,15,34,17,4,35,21,19,25,24,32,27,23,22,7,14,36,31,5,21,23,26,13,19,25,31,34,18,39,33,27,26,38,32,31,33,34,21,25,41,9,26,34,25,14,22,31,0,25,37,37,25,25,28,15,4,20,6,23,22,18,31,7,25,28,24,33,16,8,41,26,50,22,38,9,31,40,30,16,16,4,31,18,20,38,16,25,34,7,54,4,22,32,36,36,39,17,22,32,23,0,0,30,23,22,10,39,40,31,100,44,4,0,30,27,5,7,33,0,28,34,0,38,6,6,4
G0018,16,27,27,23,12,29,32,20,18,34,13,0,39,30,21,32,30,27,36,25,21,7,23,30,31,0,21,19,21,20,27,25,24,32,24,39,57,26,29,37,30,28,31,44,24,24,37,8,26,32,24,16,21,27,0,32,37,33,27,28,26,17,5,20,0,23,21,31,40,7,22,24,15,31,19,4,44,27,37,20,36,9,22,32,24,24,17,5,27,21,30,41,25,25,36,4,40,0,26,34,36,35,37,17,22,32,25,6,0,35,35,20,5,37,30,37,44,99,4,0,30,27,3,4,33,0,19,42,0,39,4,4,4
G0083,1,2,1,5,5,8,4,2,1,9,1,0,3,2,1,2,1,8,3,2,3,0,2,4,2,0,1,1,4,2,3,5,2,3,2,6,6,5,3,7,6,4,7,2,2,2,4,0,5,13,2,1,1,2,0,2,5,4,2,1,7,3,0,2,0,2,3,2,4,0,2,3,4,5,2,0,6,6,7,0,4,36,3,5,7,2,3,0,5,2,6,11,3,5,6,0,8,0,5,5,5,8,6,4,5,14,9,0,0,8,4,6,0,8,7,4,4,4,100,0,9,5,0,0,11,0,8,8,0,8,0,0,0
G0015,0,0,0,0,0,0,0,0,0,0,0,0,0,0,0,0,0,0,0,0,0,0,0,0,0,0,0,0,0,0,0,0,0,0,0,0,0,0,0,0,0,0,0,0,0,0,0,0,0,0,0,0,0,0,0,0,0,0,0,0,0,0,0,0,0,0,0,0,0,0,0,0,0,0,0,0,0,0,0,0,0,0,0,0,0,0,0,0,0,0,0,0,0,0,9,0,0,0,0,0,0,0,0,0,0,0,0,0,0,0,0,0,0,0,0,0,0,0,0,100,0,0,0,0,0,0,0,0,0,0,0,0,0
G0084,8,16,16,29,18,38,25,15,9,46,11,0,21,11,11,18,15,44,20,13,18,3,8,27,18,0,12,20,25,9,22,24,14,22,13,27,21,33,23,42,32,15,34,22,12,18,23,16,17,69,14,10,9,21,0,15,33,33,13,17,23,10,9,17,0,13,22,12,27,4,13,22,17,33,12,16,31,15,36,10,27,17,26,35,39,10,14,8,26,15,29,60,18,29,39,6,49,0,17,27,30,38,43,15,26,65,23,0,0,39,27,21,9,44,42,26,30,30,9,0,100,37,0,6,48,0,19,49,0,43,13,13,8
G0115,7,19,18,22,18,28,24,18,14,31,14,0,20,15,9,18,13,30,19,11,18,8,9,25,18,0,17,17,19,14,21,22,15,18,16,24,20,37,19,36,28,20,30,18,19,21,22,11,17,41,16,13,16,15,0,15,29,30,14,16,29,14,6,14,0,17,18,17,21,8,20,25,14,24,13,5,28,16,39,12,25,11,21,31,35,15,19,6,25,15,20,38,18,22,33,9,40,5,24,25,33,33,36,20,19,38,29,0,0,34,26,16,14,36,35,24,27,27,5,0,37,100,11,9,39,0,14,39,0,36,8,8,5
G0123,1,4,4,0,14,0,3,7,5,0,5,0,3,5,3,2,2,0,2,1,2,0,1,5,2,0,3,5,3,4,3,4,5,3,1,4,5,6,3,5,7,17,5,2,8,3,2,0,4,0,8,4,5,2,0,5,4,5,3,7,5,6,0,1,0,9,3,4,3,0,6,3,0,4,8,0,5,3,4,9,5,0,4,6,0,4,7,0,3,2,4,0,4,0,5,0,8,0,20,5,10,6,7,8,12,0,7,0,0,6,5,6,0,8,8,10,5,3,0,0,0,11,100,0,8,0,0,8,0,6,0,0,0
G0105,7,5,6,8,3,4,7,10,4,4,5,11,3,6,9,4,6,11,2,5,7,2,9,8,4,7,11,2,16,1,3,8,12,2,8,8,5,9,5,4,10,11,9,9,7,8,6,5,9,5,5,7,9,4,0,10,4,4,8,6,3,11,7,9,9,5,2,6,3,24,7,15,18,6,7,13,4,4,4,4,3,6,2,9,9,8,10,15,11,1,10,6,3,3,5,17,4,6,7,3,12,16,17,11,9,5,5,0,0,4,3,4,27,4,10,8,7,4,0,0,6,9,0,100,5,0,5,5,0,10,0,0,6
G0075,10,18,20,27,24,38,35,17,12,42,10,0,23,11,14,24,19,41,26,12,25,2,10,32,20,0,16,19,28,13,29,27,24,26,17,29,25,39,27,43,37,18,50,20,14,28,31,12,27,56,18,13,12,20,0,17,35,56,19,20,24,17,8,18,0,15,26,19,30,11,15,29,15,38,14,14,36,26,49,18,32,18,20,48,36,12,25,8,35,20,24,54,23,28,68,5,54,0,21,50,33,58,60,22,22,58,38,0,0,58,40,25,8,52,51,31,33,33,11,0,48,39,8,5,100,0,17,58,0,48,8,8,8
G0023,1,0,0,0,0,0,0,0,1,0,0,0,0,0,0,0,0,0,0,2,0,0,0,0,0,0,0,0,0,2,0,0,0,0,0,0,0,0,0,0,0,0,0,4,2,0,0,0,0,0,2,1,1,0,0,0,7,0,0,2,0,0,0,0,0,0,0,0,0,0,0,0,0,0,0,0,0,0,0,0,0,0,5,0,0,0,0,0,0,0,0,0,5,0,0,0,0,0,0,0,0,0,0,0,0,0,0,0,0,0,6,0,0,0,0,0,0,0,0,0,0,0,0,0,0,100,0,0,0,0,0,0,0
G0124,8,12,13,15,9,28,15,12,8,15,9,0,22,12,7,12,13,16,15,16,11,6,7,14,18,0,10,13,8,12,9,18,18,18,10,19,20,13,10,23,15,13,12,15,10,13,29,6,17,20,12,8,9,19,0,12,18,16,13,13,20,13,9,10,0,16,14,7,18,4,10,13,23,9,15,15,30,23,35,19,20,16,22,12,21,10,15,8,16,10,24,20,9,10,22,12,25,7,12,17,11,14,15,10,20,20,24,0,10,14,18,18,9,22,15,20,28,19,8,0,19,14,0,5,17,0,100,18,0,15,0,0,8
G0133,10,15,17,28,17,46,36,16,10,43,12,0,29,13,14,24,17,54,30,12,20,3,10,40,20,0,13,16,23,10,30,36,16,25,17,38,34,40,21,45,49,24,48,25,16,24,24,12,21,58,18,12,12,20,8,24,54,38,15,17,25,20,8,18,0,15,21,16,29,11,12,20,15,36,14,15,43,19,37,18,41,15,19,39,36,14,20,8,34,19,33,55,29,28,56,5,56,0,21,32,43,56,62,22,23,59,27,12,9,56,40,25,8,54,52,32,34,42,8,0,49,39,8,5,58,0,18,100,0,64,8,8,8
G0025,2,2,2,0,4,0,0,0,1,0,1,20,0,0,3,5,0,0,0,2,2,3,0,0,0,16,0,5,0,2,4,0,0,0,0,0,0,0,3,0,0,0,6,8,1,0,0,0,0,0,4,3,3,0,0,0,6,0,6,2,0,0,0,0,0,3,0,0,0,0,0,0,0,5,2,0,0,0,0,11,0,0,4,0,0,2,0,0,0,2,0,0,0,14,0,0,0,12,0,5,0,0,0,5,0,0,0,0,0,0,0,0,0,0,10,0,0,0,0,0,0,0,0,0,0,0,0,0,100,10,0,0,0
G0137,11,19,21,27,19,32,35,18,12,41,12,12,25,14,15,21,12,49,24,15,22,9,11,35,21,7,14,17,24,11,32,35,18,22,18,47,31,34,28,42,52,28,62,33,17,26,28,11,25,54,19,13,14,21,0,18,50,32,20,23,24,14,5,20,10,20,18,14,26,18,13,21,19,49,12,12,37,17,34,24,37,14,24,42,35,15,23,5,31,17,30,49,25,35,51,10,49,14,26,35,52,60,66,32,25,56,22,11,0,48,35,16,15,47,76,27,38,39,8,0,43,36,6,10,48,0,15,64,10,100,8,8,7
G0002,1,2,2,5,3,6,4,2,1,8,1,0,4,2,1,2,2,7,3,2,3,0,2,4,2,0,1,2,4,2,4,5,2,3,2,8,6,5,3,9,9,6,7,3,1,3,4,21,5,19,2,1,1,2,0,2,7,7,3,2,10,3,0,2,0,3,3,2,4,0,2,3,6,5,2,0,6,4,7,0,4,0,3,7,6,2,4,0,5,2,6,11,3,4,6,0,12,0,7,4,5,7,9,5,7,13,9,0,0,8,4,8,0,7,7,4,6,4,0,0,13,8,0,0,8,0,0,8,0,8,100,100,0
G0063,1,2,2,5,3,6,4,2,1,8,1,0,4,2,1,2,2,7,3,2,3,0,2,4,2,0,1,2,4,2,4,5,2,3,2,8,6,5,3,9,9,6,7,3,1,3,4,21,5,19,2,1,1,2,0,2,7,7,3,2,10,3,0,2,0,3,3,2,4,0,2,3,6,5,2,0,6,4,7,0,4,0,3,7,6,2,4,0,5,2,6,11,3,4,6,0,12,0,7,4,5,7,9,5,7,13,9,0,0,8,4,8,0,7,7,4,6,4,0,0,13,8,0,0,8,0,0,8,0,8,100,100,0
G0036,2,1,4,13,3,6,4,4,2,8,2,0,3,4,3,2,4,7,2,3,5,0,3,4,2,0,3,4,2,3,3,5,2,2,4,5,6,5,2,6,6,3,5,7,3,6,3,12,12,12,3,2,2,5,0,2,4,4,5,1,6,6,43,4,0,2,6,4,3,7,3,6,4,4,5,9,4,4,5,8,4,63,8,5,6,4,8,12,3,4,6,10,3,4,6,6,8,0,12,4,12,6,6,9,5,12,6,0,0,5,4,14,15,7,7,4,4,4,0,0,8,5,0,6,8,0,8,8,0,7,0,0,100
